<?xml version="1.0" encoding="UTF-8"?>
<project-private xmlns="http://www.netbeans.org/ns/project-private/1">
    <editor-bookmarks xmlns="http://www.netbeans.org/ns/editor-bookmarks/2" lastBookmarkId="0"/>
    <open-files xmlns="http://www.netbeans.org/ns/projectui-open-files/2">
        <group>
            <file>file:/C:/Users/Zanis/Desktop/JavaGram/src/Sign_Up_Panel.java</file>
            <file>file:/C:/Users/Zanis/Desktop/JavaGram/src/Search_Panel.java</file>
            <file>file:/C:/Users/Zanis/Desktop/JavaGram/src/Login_Panel.java</file>
            <file>file:/C:/Users/Zanis/Desktop/JavaGram/src/Post_Panel.java</file>
            <file>file:/C:/Users/Zanis/Desktop/JavaGram/src/User_Panel.java</file>
            <file>file:/C:/Users/Zanis/Desktop/JavaGram/src/Direct_Message_Panel.java</file>
            <file>file:/C:/Users/Zanis/Desktop/JavaGram/src/SendMessage_Panel.java</file>
            <file>file:/C:/Users/Zanis/Desktop/JavaGram/src/Profile_Panel.java</file>
            <file>file:/C:/Users/Zanis/Desktop/JavaGram/src/UserPosts_Panel.java</file>
            <file>file:/C:/Users/Zanis/Desktop/JavaGram/src/NewPost_Panel.java</file>
            <file>file:/C:/Users/Zanis/Desktop/JavaGram/src/JavaGram.java</file>
            <file>file:/C:/Users/Zanis/Desktop/JavaGram/src/Follower_Panel.java</file>
            <file>file:/C:/Users/Zanis/Desktop/JavaGram/src/Following_Panel.java</file>
            <file>file:/C:/Users/Zanis/Desktop/JavaGram/src/Delete_Acc_Panel.java</file>
        </group>
    </open-files>
</project-private>
